run_id,date,dataset,parameters,mean_val_dice,std_val_dice,hypothesis,notes,interpretation,mean_test_dice,std_test_dice,mean_test_loss,number_of_seeds_evaluated
2026_07_19_16_40_06_1753467,2026-07-19,EMSegmentation,36601,0.8079,0.0228,Depth-wise separable layers (24-48-96) does not lose much in Dice.,Depth-wise separable layers (24-48-96),,0.6652,0.0096,0.4968,3
2026_07_19_16_40_10_1753468,2026-07-19,FHPsAOP,36651,0.9523,0.0018,Depth-wise separable layers (24-48-96) does not lose much in Dice.,Depth-wise separable layers (24-48-96),,0.9517,0.002,0.1115,3
2026_07_19_16_40_06_1753486,2026-07-19,Wbc,37083,0.9536,0.0019,Depth-wise separable layers (24-48-96) does not lose much in Dice.,Depth-wise separable layers (24-48-96),,0.95,0.0018,0.159,3
2026_07_19_16_40_06_1753452,2026-07-19,AbdomenUS,36801,0.5244,0.0608,Depth-wise separable layers (24-48-96) does not lose much in Dice.,Depth-wise separable layers (24-48-96),,0.4486,0.0526,1.4135,3
2026_07_19_16_40_06_1753454,2026-07-19,BkaiIgh,37083,0.6487,0.0054,Depth-wise separable layers (24-48-96) does not lose much in Dice.,Depth-wise separable layers (24-48-96),,0.67,0.0189,0.7255,3
2026_07_19_16_40_14_1753473,2026-07-19,M2caiSeg,37483,0.2884,0.001,Depth-wise separable layers (24-48-96) does not lose much in Dice.,Depth-wise separable layers (24-48-96),,0.2,0.0047,1.8895,3
2026_07_19_16_40_15_1753474,2026-07-19,Monusac,37158,0.4461,0.0079,Depth-wise separable layers (24-48-96) does not lose much in Dice.,Depth-wise separable layers (24-48-96),,0.2991,0.0152,1.6061,3
2026_07_19_21_48_30_1753861,2026-07-19,Bbbc010,36601,0.9158,0.0018,Depth-wise separable layers (24-48-96) does not lose much in Dice.,Depth-wise separable layers (24-48-96),,0.8994,0.0049,0.4014,3
2026_07_19_16_40_06_1753455,2026-07-19,BriFiSeg,36601,0.8234,0.0062,Depth-wise separable layers (24-48-96) does not lose much in Dice.,Depth-wise separable layers (24-48-96),,0.8075,0.0064,0.3769,3
2026_07_19_16_40_06_1753456,2026-07-19,Busi,36601,0.5941,0.0279,Depth-wise separable layers (24-48-96) does not lose much in Dice.,Depth-wise separable layers (24-48-96),,0.5698,0.0267,0.7674,3
2026_07_19_16_40_11_1753457,2026-07-19,CellNuclei,37033,0.8867,0.0127,Depth-wise separable layers (24-48-96) does not lose much in Dice.,Depth-wise separable layers (24-48-96),,0.912,0.0064,0.2341,3
2026_07_19_16_40_11_1753458,2026-07-19,ChaseDB1,37033,0.6002,0.0681,Depth-wise separable layers (24-48-96) does not lose much in Dice.,Depth-wise separable layers (24-48-96),,0.5842,0.0608,0.9397,3
2026_07_19_16_40_06_1753459,2026-07-19,Chuac,36601,0.304,0.1625,Depth-wise separable layers (24-48-96) does not lose much in Dice.,Depth-wise separable layers (24-48-96),,0.2969,0.2375,1.641,3
2026_07_19_16_40_06_1753460,2026-07-19,Covid19Radio,36601,0.9762,0.0005,Depth-wise separable layers (24-48-96) does not lose much in Dice.,Depth-wise separable layers (24-48-96),,0.9772,0.0005,0.0558,3
2026_07_19_16_40_06_1753461,2026-07-19,CovidQUEx,36601,0.7247,0.0058,Depth-wise separable layers (24-48-96) does not lose much in Dice.,Depth-wise separable layers (24-48-96),,0.708,0.0055,0.5064,3
2026_07_19_16_40_17_1753462,2026-07-19,CystoFluid,37033,0.7899,0.0566,Depth-wise separable layers (24-48-96) does not lose much in Dice.,Depth-wise separable layers (24-48-96),,0.7918,0.0334,0.544,3
2026_07_19_16_40_06_1753463,2026-07-19,Dca1,36601,0.7234,0.0039,Depth-wise separable layers (24-48-96) does not lose much in Dice.,Depth-wise separable layers (24-48-96),,0.7268,0.0113,0.6398,3
2026_07_19_16_40_11_1753464,2026-07-19,Deepbacs,36601,0.8851,0.0268,Depth-wise separable layers (24-48-96) does not lose much in Dice.,Depth-wise separable layers (24-48-96),,0.8843,0.0177,0.4997,3
2026_07_19_16_40_10_1753465,2026-07-19,Drive,37033,0.7734,0.0142,Depth-wise separable layers (24-48-96) does not lose much in Dice.,Depth-wise separable layers (24-48-96),,0.761,0.016,0.5726,3
2026_07_19_16_40_11_1753466,2026-07-19,DynamicNuclear,36601,0.9362,0.0009,Depth-wise separable layers (24-48-96) does not lose much in Dice.,Depth-wise separable layers (24-48-96),,0.922,0.0017,0.2018,3
2026_07_19_16_40_11_1753469,2026-07-19,Idrib,37033,0.874,0.0262,Depth-wise separable layers (24-48-96) does not lose much in Dice.,Depth-wise separable layers (24-48-96),,0.9054,0.0226,0.6196,3
2026_07_19_16_40_09_1753470,2026-07-19,Isic2016,37033,0.8951,0.0069,Depth-wise separable layers (24-48-96) does not lose much in Dice.,Depth-wise separable layers (24-48-96),,0.8783,0.0085,0.3604,3
2026_07_19_16_40_15_1753471,2026-07-19,Isic2018,37033,0.8645,0.0092,Depth-wise separable layers (24-48-96) does not lose much in Dice.,Depth-wise separable layers (24-48-96),,0.8478,0.0038,0.4563,3
2026_07_19_16_40_15_1753472,2026-07-19,Kvasir,37033,0.5859,0.0341,Depth-wise separable layers (24-48-96) does not lose much in Dice.,Depth-wise separable layers (24-48-96),,0.5256,0.0298,0.8933,3
2026_07_19_16_40_06_1753475,2026-07-19,MosMedPlus,36601,0.7558,0.0113,Depth-wise separable layers (24-48-96) does not lose much in Dice.,Depth-wise separable layers (24-48-96),,0.7693,0.0087,0.3043,3
2026_07_19_16_40_08_1753476,2026-07-19,Nuclei,37033,0.1092,0.0287,Depth-wise separable layers (24-48-96) does not lose much in Dice.,Depth-wise separable layers (24-48-96),,0.0937,0.0406,1.3806,3
2026_07_19_16_40_17_1753477,2026-07-19,Nuset,36601,0.9487,0.0008,Depth-wise separable layers (24-48-96) does not lose much in Dice.,Depth-wise separable layers (24-48-96),,0.9459,0.0008,0.1095,3
2026_07_19_16_40_11_1753478,2026-07-19,Pandental,36601,0.9279,0.0056,Depth-wise separable layers (24-48-96) does not lose much in Dice.,Depth-wise separable layers (24-48-96),,0.9192,0.0039,0.2777,3
2026_07_19_16_40_09_1753479,2026-07-19,PolypGen,37033,0.4694,0.0149,Depth-wise separable layers (24-48-96) does not lose much in Dice.,Depth-wise separable layers (24-48-96),,0.4657,0.0154,0.8074,3
2026_07_19_16_40_09_1753480,2026-07-19,Promise12,36601,0.8188,0.009,Depth-wise separable layers (24-48-96) does not lose much in Dice.,Depth-wise separable layers (24-48-96),,0.808,0.0097,0.2579,3
2026_07_19_16_40_10_1753481,2026-07-19,RoboTool,37033,0.7684,0.0088,Depth-wise separable layers (24-48-96) does not lose much in Dice.,Depth-wise separable layers (24-48-96),,0.7787,0.0069,0.5036,3
2026_07_19_16_40_09_1753482,2026-07-19,TnbcNuclei,37033,0.7463,0.0257,Depth-wise separable layers (24-48-96) does not lose much in Dice.,Depth-wise separable layers (24-48-96),,0.7323,0.0282,0.6212,3
2026_07_19_16_40_18_1753483,2026-07-19,UltrasoundNerve,36601,0.6982,0.0144,Depth-wise separable layers (24-48-96) does not lose much in Dice.,Depth-wise separable layers (24-48-96),,0.6974,0.0148,0.4039,3
2026_07_19_16_40_10_1753484,2026-07-19,USforKidney,36601,0.9352,0.0022,Depth-wise separable layers (24-48-96) does not lose much in Dice.,Depth-wise separable layers (24-48-96),,0.9367,0.0022,0.1423,3
2026_07_19_16_40_06_1753485,2026-07-19,UwSkinCancer,37033,0.8418,0.0048,Depth-wise separable layers (24-48-96) does not lose much in Dice.,Depth-wise separable layers (24-48-96),,0.7804,0.0187,0.6472,3
2026_07_19_16_40_06_1753487,2026-07-19,Yeaz,36601,0.8352,0.0009,Depth-wise separable layers (24-48-96) does not lose much in Dice.,Depth-wise separable layers (24-48-96),,0.9208,0.0129,0.2855,3
2026_07_19_16_40_10_1753450,2026-07-19,Chaos,36701,0.7293,0.0146,Depth-wise separable layers (24-48-96) does not lose much in Dice.,Depth-wise separable layers (24-48-96),,0.7293,0.0146,0.5382,3
2026_07_19_16_40_11_1753448,2026-07-19,Acdc,36676,0.8231,0.0039,Depth-wise separable layers (24-48-96) does not lose much in Dice.,Depth-wise separable layers (24-48-96),,0.8231,0.0039,0.2319,3
2026_07_19_16_40_06_1753451,2026-07-19,MmWhsMr,36776,0.4839,0.0266,Depth-wise separable layers (24-48-96) does not lose much in Dice.,Depth-wise separable layers (24-48-96),,0.4839,0.0266,0.8142,3
2026_07_19_16_40_11_1753449,2026-07-19,Btcv,36926,0.6397,0.0029,Depth-wise separable layers (24-48-96) does not lose much in Dice.,Depth-wise separable layers (24-48-96),,0.6397,0.0029,0.9873,3
2026_07_19_18_51_21_1753711,2026-07-19,EMSegmentation,27665,0.8036,0.0522,Depth-wise separable layers (16-32-64) + triple convolution per block + attention gate does not lose much in Dice.,Depth-wise separable layers (16-32-64) + triple convolution + attention gate,,0.7046,0.0152,0.5072,3
2026_07_19_18_52_45_1753712,2026-07-19,FHPsAOP,27699,0.9587,0.0001,Depth-wise separable layers (16-32-64) + triple convolution per block + attention gate does not lose much in Dice.,Depth-wise separable layers (16-32-64) + triple convolution + attention gate,,0.9579,0.0003,0.0937,3
2026_07_19_19_04_45_1753730,2026-07-19,Wbc,27987,0.9514,0.0055,Depth-wise separable layers (16-32-64) + triple convolution per block + attention gate does not lose much in Dice.,Depth-wise separable layers (16-32-64) + triple convolution + attention gate,,0.951,0.0059,0.1662,3
2026_07_19_18_40_43_1753696,2026-07-19,AbdomenUS,27801,0.5776,0.0152,Depth-wise separable layers (16-32-64) + triple convolution per block + attention gate does not lose much in Dice.,Depth-wise separable layers (16-32-64) + triple convolution + attention gate,,0.5051,0.021,1.3461,3
2026_07_19_18_43_21_1753698,2026-07-19,BkaiIgh,27987,0.6716,0.0331,Depth-wise separable layers (16-32-64) + triple convolution per block + attention gate does not lose much in Dice.,Depth-wise separable layers (16-32-64) + triple convolution + attention gate,,0.6946,0.0311,0.6944,3
2026_07_19_18_55_43_1753717,2026-07-19,M2caiSeg,28259,0.2763,0.0044,Depth-wise separable layers (16-32-64) + triple convolution per block + attention gate does not lose much in Dice.,Depth-wise separable layers (16-32-64) + triple convolution + attention gate,,0.1941,0.002,1.9514,3
2026_07_19_18_55_43_1753718,2026-07-19,Monusac,28038,0.4511,0.1904,Depth-wise separable layers (16-32-64) + triple convolution per block + attention gate does not lose much in Dice.,Depth-wise separable layers (16-32-64) + triple convolution + attention gate,,0.319,0.1267,1.6601,3
2026_07_19_18_41_32_1753697,2026-07-19,Bbbc010,27665,0.9116,0.0047,Depth-wise separable layers (16-32-64) + triple convolution per block + attention gate does not lose much in Dice.,Depth-wise separable layers (16-32-64) + triple convolution + attention gate,,0.8904,0.0057,0.534,3
2026_07_19_18_44_21_1753699,2026-07-19,BriFiSeg,27665,0.8226,0.0033,Depth-wise separable layers (16-32-64) + triple convolution per block + attention gate does not lose much in Dice.,Depth-wise separable layers (16-32-64) + triple convolution + attention gate,,0.8037,0.003,0.3885,3
2026_07_19_18_44_21_1753700,2026-07-19,Busi,27665,0.6359,0.0064,Depth-wise separable layers (16-32-64) + triple convolution per block + attention gate does not lose much in Dice.,Depth-wise separable layers (16-32-64) + triple convolution + attention gate,,0.5793,0.0027,0.81,3
2026_07_19_18_45_44_1753701,2026-07-19,CellNuclei,27953,0.884,0.0046,Depth-wise separable layers (16-32-64) + triple convolution per block + attention gate does not lose much in Dice.,Depth-wise separable layers (16-32-64) + triple convolution + attention gate,,0.9107,0.0023,0.2482,3
2026_07_19_18_46_52_1753702,2026-07-19,ChaseDB1,27953,0.6213,0.0195,Depth-wise separable layers (16-32-64) + triple convolution per block + attention gate does not lose much in Dice.,Depth-wise separable layers (16-32-64) + triple convolution + attention gate,,0.6304,0.0079,0.8368,3
2026_07_19_18_47_21_1753703,2026-07-19,Chuac,27665,0.1806,0.1075,Depth-wise separable layers (16-32-64) + triple convolution per block + attention gate does not lose much in Dice.,Depth-wise separable layers (16-32-64) + triple convolution + attention gate,,0.171,0.15,1.4753,3
2026_07_19_18_47_45_1753704,2026-07-19,Covid19Radio,27665,0.9791,0.0004,Depth-wise separable layers (16-32-64) + triple convolution per block + attention gate does not lose much in Dice.,Depth-wise separable layers (16-32-64) + triple convolution + attention gate,,0.9799,0.0005,0.0491,3
2026_07_19_18_48_22_1753705,2026-07-19,CovidQUEx,27665,0.7289,0.012,Depth-wise separable layers (16-32-64) + triple convolution per block + attention gate does not lose much in Dice.,Depth-wise separable layers (16-32-64) + triple convolution + attention gate,,0.7086,0.0105,0.5049,3
2026_07_19_18_49_21_1753706,2026-07-19,CystoFluid,27953,0.7952,0.024,Depth-wise separable layers (16-32-64) + triple convolution per block + attention gate does not lose much in Dice.,Depth-wise separable layers (16-32-64) + triple convolution + attention gate,,0.7974,0.021,0.666,3
2026_07_19_18_49_21_1753707,2026-07-19,Dca1,27665,0.7238,0.0042,Depth-wise separable layers (16-32-64) + triple convolution per block + attention gate does not lose much in Dice.,Depth-wise separable layers (16-32-64) + triple convolution + attention gate,,0.7206,0.0052,0.7313,3
2026_07_19_18_50_21_1753708,2026-07-19,Deepbacs,27665,0.713,0.2661,Depth-wise separable layers (16-32-64) + triple convolution per block + attention gate does not lose much in Dice.,Depth-wise separable layers (16-32-64) + triple convolution + attention gate,,0.7429,0.2066,0.8666,3
2026_07_19_18_50_44_1753709,2026-07-19,Drive,27953,0.7798,0.0033,Depth-wise separable layers (16-32-64) + triple convolution per block + attention gate does not lose much in Dice.,Depth-wise separable layers (16-32-64) + triple convolution + attention gate,,0.774,0.0057,0.5729,3
2026_07_19_18_51_21_1753710,2026-07-19,DynamicNuclear,27665,0.9376,0.0022,Depth-wise separable layers (16-32-64) + triple convolution per block + attention gate does not lose much in Dice.,Depth-wise separable layers (16-32-64) + triple convolution + attention gate,,0.923,0.0068,0.2125,3
2026_07_19_18_53_21_1753713,2026-07-19,Idrib,27953,0.8492,0.0187,Depth-wise separable layers (16-32-64) + triple convolution per block + attention gate does not lose much in Dice.,Depth-wise separable layers (16-32-64) + triple convolution + attention gate,,0.8962,0.021,0.8684,3
2026_07_19_18_53_45_1753714,2026-07-19,Isic2016,27953,0.8965,0.0027,Depth-wise separable layers (16-32-64) + triple convolution per block + attention gate does not lose much in Dice.,Depth-wise separable layers (16-32-64) + triple convolution + attention gate,,0.8825,0.0011,0.3453,3
2026_07_19_18_53_53_1753715,2026-07-19,Isic2018,27953,0.8698,0.0079,Depth-wise separable layers (16-32-64) + triple convolution per block + attention gate does not lose much in Dice.,Depth-wise separable layers (16-32-64) + triple convolution + attention gate,,0.8509,0.0064,0.4795,3
2026_07_19_18_55_22_1753716,2026-07-19,Kvasir,27953,0.6716,0.0406,Depth-wise separable layers (16-32-64) + triple convolution per block + attention gate does not lose much in Dice.,Depth-wise separable layers (16-32-64) + triple convolution + attention gate,,0.584,0.024,0.8176,3
2026_07_19_18_56_22_1753719,2026-07-19,MosMedPlus,27665,0.7643,0.0029,Depth-wise separable layers (16-32-64) + triple convolution per block + attention gate does not lose much in Dice.,Depth-wise separable layers (16-32-64) + triple convolution + attention gate,,0.772,0.0029,0.3001,3
2026_07_19_18_56_22_1753720,2026-07-19,Nuclei,27953,0.1106,0.0757,Depth-wise separable layers (16-32-64) + triple convolution per block + attention gate does not lose much in Dice.,Depth-wise separable layers (16-32-64) + triple convolution + attention gate,,0.1,0.0887,1.3942,3
2026_07_19_18_57_52_1753721,2026-07-19,Nuset,27665,0.9498,0.001,Depth-wise separable layers (16-32-64) + triple convolution per block + attention gate does not lose much in Dice.,Depth-wise separable layers (16-32-64) + triple convolution + attention gate,,0.9457,0.0009,0.1105,3
2026_07_19_18_58_43_1753722,2026-07-19,Pandental,27665,0.9362,0.0017,Depth-wise separable layers (16-32-64) + triple convolution per block + attention gate does not lose much in Dice.,Depth-wise separable layers (16-32-64) + triple convolution + attention gate,,0.9272,0.0006,0.2585,3
2026_07_19_18_59_22_1753723,2026-07-19,PolypGen,27953,0.4981,0.0259,Depth-wise separable layers (16-32-64) + triple convolution per block + attention gate does not lose much in Dice.,Depth-wise separable layers (16-32-64) + triple convolution + attention gate,,0.4908,0.017,0.78,3
2026_07_19_18_59_43_1753724,2026-07-19,Promise12,27665,0.8337,0.0065,Depth-wise separable layers (16-32-64) + triple convolution per block + attention gate does not lose much in Dice.,Depth-wise separable layers (16-32-64) + triple convolution + attention gate,,0.8291,0.0034,0.2958,3
2026_07_19_18_59_51_1753725,2026-07-19,RoboTool,27953,0.7873,0.01,Depth-wise separable layers (16-32-64) + triple convolution per block + attention gate does not lose much in Dice.,Depth-wise separable layers (16-32-64) + triple convolution + attention gate,,0.7876,0.0053,0.4689,3
2026_07_19_19_00_22_1753726,2026-07-19,TnbcNuclei,27953,0.7457,0.0037,Depth-wise separable layers (16-32-64) + triple convolution per block + attention gate does not lose much in Dice.,Depth-wise separable layers (16-32-64) + triple convolution + attention gate,,0.7246,0.0018,0.678,3
2026_07_19_19_00_44_1753727,2026-07-19,UltrasoundNerve,27665,0.7343,0.0044,Depth-wise separable layers (16-32-64) + triple convolution per block + attention gate does not lose much in Dice.,Depth-wise separable layers (16-32-64) + triple convolution + attention gate,,0.7414,0.0024,0.4062,3
2026_07_19_19_01_22_1753728,2026-07-19,USforKidney,27665,0.9443,0.0015,Depth-wise separable layers (16-32-64) + triple convolution per block + attention gate does not lose much in Dice.,Depth-wise separable layers (16-32-64) + triple convolution + attention gate,,0.9455,0.0002,0.1271,3
2026_07_19_19_04_22_1753729,2026-07-19,UwSkinCancer,27953,0.8428,0.0139,Depth-wise separable layers (16-32-64) + triple convolution per block + attention gate does not lose much in Dice.,Depth-wise separable layers (16-32-64) + triple convolution + attention gate,,0.8052,0.0109,0.5926,3
2026_07_19_19_05_24_1753731,2026-07-19,Yeaz,27665,0.84,0.0157,Depth-wise separable layers (16-32-64) + triple convolution per block + attention gate does not lose much in Dice.,Depth-wise separable layers (16-32-64) + triple convolution + attention gate,,0.9147,0.0163,0.3339,3
2026_07_19_18_40_32_1753694,2026-07-19,Chaos,27733,0.6957,0.1158,Depth-wise separable layers (16-32-64) + triple convolution per block + attention gate does not lose much in Dice.,Depth-wise separable layers (16-32-64) + triple convolution + attention gate,,0.6957,0.1158,0.6769,3
2026_07_19_18_38_01_1753692,2026-07-19,Acdc,27716,0.8245,0.0119,Depth-wise separable layers (16-32-64) + triple convolution per block + attention gate does not lose much in Dice.,Depth-wise separable layers (16-32-64) + triple convolution + attention gate,,0.8245,0.0119,0.2421,3
2026_07_19_18_40_32_1753695,2026-07-19,MmWhsMr,27784,0.5167,0.0185,Depth-wise separable layers (16-32-64) + triple convolution per block + attention gate does not lose much in Dice.,Depth-wise separable layers (16-32-64) + triple convolution + attention gate,,0.5167,0.0185,0.7937,3
2026_07_19_18_39_35_1753693,2026-07-19,Btcv,27886,0.6429,0.0385,Depth-wise separable layers (16-32-64) + triple convolution per block + attention gate does not lose much in Dice.,Depth-wise separable layers (16-32-64) + triple convolution + attention gate,,0.6429,0.0385,1.0427,3
2026_07_17_04_42_22_1750282,2026-07-17,EMSegmentation,51031,0.8696,0.0246,Depth-wise separable layers (14-28-56-112) does not lose much in Dice.,Depth-wise separable layers (14-28-56-112),,0.7338,0.0115,0.4811,3
2026_07_17_04_42_21_1750283,2026-07-17,FHPsAOP,51061,0.9678,0.0008,Depth-wise separable layers (14-28-56-112) does not lose much in Dice.,Depth-wise separable layers (14-28-56-112),,0.967,0.001,0.0761,3
2026_07_17_04_53_18_1750301,2026-07-17,Wbc,51313,0.956,0.001,Depth-wise separable layers (14-28-56-112) does not lose much in Dice.,Depth-wise separable layers (14-28-56-112),,0.9544,0.0008,0.1564,3
2026_07_17_04_31_42_1750267,2026-07-17,AbdomenUS,51151,0.6048,0.0134,Depth-wise separable layers (14-28-56-112) does not lose much in Dice.,Depth-wise separable layers (14-28-56-112),,0.5205,0.0105,1.2498,3
2026_07_17_04_32_42_1750269,2026-07-17,BkaiIgh,51313,0.6549,0.011,Depth-wise separable layers (14-28-56-112) does not lose much in Dice.,Depth-wise separable layers (14-28-56-112),,0.6853,0.0094,0.7725,3
2026_07_17_04_44_22_1750288,2026-07-17,M2caiSeg,51553,0.2929,0.0025,Depth-wise separable layers (14-28-56-112) does not lose much in Dice.,Depth-wise separable layers (14-28-56-112),,0.2009,0.0013,1.9571,3
2026_07_17_04_45_43_1750289,2026-07-17,Monusac,51358,0.4449,0.0644,Depth-wise separable layers (14-28-56-112) does not lose much in Dice.,Depth-wise separable layers (14-28-56-112),,0.3008,0.0446,1.6679,3
2026_07_17_04_32_12_1750268,2026-07-17,Bbbc010,51031,0.8974,0.0052,Depth-wise separable layers (14-28-56-112) does not lose much in Dice.,Depth-wise separable layers (14-28-56-112),,0.876,0.0041,0.6675,3
2026_07_17_04_33_44_1750270,2026-07-17,BriFiSeg,51031,0.8219,0.0023,Depth-wise separable layers (14-28-56-112) does not lose much in Dice.,Depth-wise separable layers (14-28-56-112),,0.7902,0.0028,0.4276,3
2026_07_17_04_34_22_1750271,2026-07-17,Busi,51031,0.6634,0.0058,Depth-wise separable layers (14-28-56-112) does not lose much in Dice.,Depth-wise separable layers (14-28-56-112),,0.6275,0.0266,0.8137,3
2026_07_17_04_34_21_1750272,2026-07-17,CellNuclei,51283,0.8796,0.0063,Depth-wise separable layers (14-28-56-112) does not lose much in Dice.,Depth-wise separable layers (14-28-56-112),,0.9104,0.0026,0.2815,3
2026_07_17_04_35_13_1750273,2026-07-17,ChaseDB1,51283,0.5468,0.0843,Depth-wise separable layers (14-28-56-112) does not lose much in Dice.,Depth-wise separable layers (14-28-56-112),,0.5751,0.074,1.0142,3
2026_07_17_04_35_21_1750274,2026-07-17,Chuac,51031,0.2735,0.1149,Depth-wise separable layers (14-28-56-112) does not lose much in Dice.,Depth-wise separable layers (14-28-56-112),,0.2355,0.1571,1.3147,3
2026_07_17_04_36_42_1750275,2026-07-17,Covid19Radio,51031,0.9829,0.0006,Depth-wise separable layers (14-28-56-112) does not lose much in Dice.,Depth-wise separable layers (14-28-56-112),,0.9834,0.0006,0.0402,3
2026_07_17_04_37_13_1750276,2026-07-17,CovidQUEx,51031,0.7456,0.0057,Depth-wise separable layers (14-28-56-112) does not lose much in Dice.,Depth-wise separable layers (14-28-56-112),,0.7234,0.0024,0.4918,3
2026_07_17_04_38_12_1750277,2026-07-17,CystoFluid,51283,0.7944,0.0259,Depth-wise separable layers (14-28-56-112) does not lose much in Dice.,Depth-wise separable layers (14-28-56-112),,0.8006,0.0157,0.6079,3
2026_07_17_04_40_42_1750278,2026-07-17,Dca1,51031,0.7118,0.0039,Depth-wise separable layers (14-28-56-112) does not lose much in Dice.,Depth-wise separable layers (14-28-56-112),,0.7087,0.0037,0.792,3
2026_07_17_04_40_43_1750279,2026-07-17,Deepbacs,51031,0.8588,0.0078,Depth-wise separable layers (14-28-56-112) does not lose much in Dice.,Depth-wise separable layers (14-28-56-112),,0.8624,0.0072,0.6825,3
2026_07_17_04_40_42_1750280,2026-07-17,Drive,51283,0.3818,0.3024,Depth-wise separable layers (14-28-56-112) does not lose much in Dice.,Depth-wise separable layers (14-28-56-112),,0.3826,0.2918,1.264,3
2026_07_17_04_41_43_1750281,2026-07-17,DynamicNuclear,51031,0.9373,0.0007,Depth-wise separable layers (14-28-56-112) does not lose much in Dice.,Depth-wise separable layers (14-28-56-112),,0.9246,0.0018,0.2023,3
2026_07_17_04_43_14_1750284,2026-07-17,Idrib,51283,0.8618,0.0306,Depth-wise separable layers (14-28-56-112) does not lose much in Dice.,Depth-wise separable layers (14-28-56-112),,0.8995,0.0373,0.9809,3
2026_07_17_04_43_13_1750285,2026-07-17,Isic2016,51283,0.8995,0.0052,Depth-wise separable layers (14-28-56-112) does not lose much in Dice.,Depth-wise separable layers (14-28-56-112),,0.8827,0.0034,0.3828,3
2026_07_17_04_43_21_1750286,2026-07-17,Isic2018,51283,0.8723,0.0054,Depth-wise separable layers (14-28-56-112) does not lose much in Dice.,Depth-wise separable layers (14-28-56-112),,0.8569,0.0025,0.4532,3
2026_07_17_04_43_43_1750287,2026-07-17,Kvasir,51283,0.7158,0.0048,Depth-wise separable layers (14-28-56-112) does not lose much in Dice.,Depth-wise separable layers (14-28-56-112),,0.6292,0.0112,0.8804,3
2026_07_17_04_48_43_1750290,2026-07-17,MosMedPlus,51031,0.7686,0.0034,Depth-wise separable layers (14-28-56-112) does not lose much in Dice.,Depth-wise separable layers (14-28-56-112),,0.7709,0.0022,0.2893,3
2026_07_17_04_49_14_1750291,2026-07-17,Nuclei,51283,0.112,0.0585,Depth-wise separable layers (14-28-56-112) does not lose much in Dice.,Depth-wise separable layers (14-28-56-112),,0.0952,0.061,1.3441,3
2026_07_17_04_49_13_1750292,2026-07-17,Nuset,51031,0.9478,0.0008,Depth-wise separable layers (14-28-56-112) does not lose much in Dice.,Depth-wise separable layers (14-28-56-112),,0.9446,0.001,0.1216,3
2026_07_17_04_49_18_1750293,2026-07-17,Pandental,51031,0.9352,0.0019,Depth-wise separable layers (14-28-56-112) does not lose much in Dice.,Depth-wise separable layers (14-28-56-112),,0.9265,0.0009,0.2557,3
2026_07_17_04_50_44_1750294,2026-07-17,PolypGen,51283,0.544,0.0111,Depth-wise separable layers (14-28-56-112) does not lose much in Dice.,Depth-wise separable layers (14-28-56-112),,0.5366,0.0053,0.7648,3
2026_07_17_04_51_18_1750295,2026-07-17,Promise12,51031,0.8682,0.0031,Depth-wise separable layers (14-28-56-112) does not lose much in Dice.,Depth-wise separable layers (14-28-56-112),,0.86,0.0068,0.2692,3
2026_07_17_04_51_12_1750296,2026-07-17,RoboTool,51283,0.7903,0.0036,Depth-wise separable layers (14-28-56-112) does not lose much in Dice.,Depth-wise separable layers (14-28-56-112),,0.7926,0.0069,0.5172,3
2026_07_17_04_51_13_1750297,2026-07-17,TnbcNuclei,51283,0.7014,0.0168,Depth-wise separable layers (14-28-56-112) does not lose much in Dice.,Depth-wise separable layers (14-28-56-112),,0.6765,0.0139,0.8282,3
2026_07_17_04_51_43_1750298,2026-07-17,UltrasoundNerve,51031,0.7611,0.0065,Depth-wise separable layers (14-28-56-112) does not lose much in Dice.,Depth-wise separable layers (14-28-56-112),,0.7622,0.0046,0.4618,3
2026_07_17_04_52_13_1750299,2026-07-17,USforKidney,51031,0.9629,0.0018,Depth-wise separable layers (14-28-56-112) does not lose much in Dice.,Depth-wise separable layers (14-28-56-112),,0.9633,0.0017,0.0858,3
2026_07_17_04_53_13_1750300,2026-07-17,UwSkinCancer,51283,0.8519,0.0098,Depth-wise separable layers (14-28-56-112) does not lose much in Dice.,Depth-wise separable layers (14-28-56-112),,0.7819,0.0126,0.6819,3
2026_07_17_04_53_44_1750302,2026-07-17,Yeaz,51031,0.8784,0.011,Depth-wise separable layers (14-28-56-112) does not lose much in Dice.,Depth-wise separable layers (14-28-56-112),,0.9224,0.0021,0.3027,3
2026_07_17_04_30_14_1750265,2026-07-17,Chaos,51091,0.8005,0.0052,Depth-wise separable layers (14-28-56-112) does not lose much in Dice.,Depth-wise separable layers (14-28-56-112),,0.8005,0.0052,0.6463,3
2026_07_17_04_30_15_1750263,2026-07-17,Acdc,51076,0.8265,0.0007,Depth-wise separable layers (14-28-56-112) does not lose much in Dice.,Depth-wise separable layers (14-28-56-112),,0.8265,0.0007,0.2563,3
2026_07_17_04_30_14_1750266,2026-07-17,MmWhsMr,51136,0.5724,0.0244,Depth-wise separable layers (14-28-56-112) does not lose much in Dice.,Depth-wise separable layers (14-28-56-112),,0.5724,0.0244,0.8714,3
2026_07_17_04_30_15_1750264,2026-07-17,Btcv,51226,0.6841,0.0493,Depth-wise separable layers (14-28-56-112) does not lose much in Dice.,Depth-wise separable layers (14-28-56-112),,0.6841,0.0493,0.9578,3
2026_07_19_01_01_13_1753025,2026-07-19,EMSegmentation,46033,0.8401,0.0626,Depth-wise separable convolution with additive skip connection (14-28-56-112) cuts down parameters without significant loss in Dice.,Depth-wise separable convolution + Additive skip connection (14-28-56-112),,0.7192,0.0032,0.5163,3
2026_07_19_01_01_51_1753026,2026-07-19,FHPsAOP,46063,0.9666,0.0004,Depth-wise separable convolution with additive skip connection (14-28-56-112) cuts down parameters without significant loss in Dice.,Depth-wise separable convolution + Additive skip connection (14-28-56-112),,0.9659,0.0006,0.0793,3
2026_07_19_01_09_40_1753044,2026-07-19,Wbc,46315,0.9571,0.0036,Depth-wise separable convolution with additive skip connection (14-28-56-112) cuts down parameters without significant loss in Dice.,Depth-wise separable convolution + Additive skip connection (14-28-56-112),,0.9528,0.0018,0.1609,3
2026_07_19_00_56_01_1753010,2026-07-19,AbdomenUS,46153,0.5761,0.0038,Depth-wise separable convolution with additive skip connection (14-28-56-112) cuts down parameters without significant loss in Dice.,Depth-wise separable convolution + Additive skip connection (14-28-56-112),,0.5009,0.0157,1.4022,3
2026_07_19_00_56_27_1753012,2026-07-19,BkaiIgh,46315,0.6787,0.0453,Depth-wise separable convolution with additive skip connection (14-28-56-112) cuts down parameters without significant loss in Dice.,Depth-wise separable convolution + Additive skip connection (14-28-56-112),,0.6855,0.0434,0.7314,3
2026_07_19_01_04_53_1753031,2026-07-19,M2caiSeg,46555,0.2855,0.0075,Depth-wise separable convolution with additive skip connection (14-28-56-112) cuts down parameters without significant loss in Dice.,Depth-wise separable convolution + Additive skip connection (14-28-56-112),,0.2013,0.0024,1.9817,3
2026_07_19_01_05_01_1753032,2026-07-19,Monusac,46360,0.3779,0.0698,Depth-wise separable convolution with additive skip connection (14-28-56-112) cuts down parameters without significant loss in Dice.,Depth-wise separable convolution + Additive skip connection (14-28-56-112),,0.2661,0.0518,1.7562,3
2026_07_19_00_56_01_1753011,2026-07-19,Bbbc010,46033,0.8872,0.0081,Depth-wise separable convolution with additive skip connection (14-28-56-112) cuts down parameters without significant loss in Dice.,Depth-wise separable convolution + Additive skip connection (14-28-56-112),,0.8697,0.007,0.6937,3
2026_07_19_00_56_27_1753013,2026-07-19,BriFiSeg,46033,0.8167,0.0034,Depth-wise separable convolution with additive skip connection (14-28-56-112) cuts down parameters without significant loss in Dice.,Depth-wise separable convolution + Additive skip connection (14-28-56-112),,0.788,0.0058,0.4308,3
2026_07_19_00_57_15_1753014,2026-07-19,Busi,46033,0.6539,0.0124,Depth-wise separable convolution with additive skip connection (14-28-56-112) cuts down parameters without significant loss in Dice.,Depth-wise separable convolution + Additive skip connection (14-28-56-112),,0.6271,0.0123,0.8612,3
2026_07_19_00_57_54_1753015,2026-07-19,CellNuclei,46285,0.8763,0.0068,Depth-wise separable convolution with additive skip connection (14-28-56-112) cuts down parameters without significant loss in Dice.,Depth-wise separable convolution + Additive skip connection (14-28-56-112),,0.9044,0.002,0.2833,3
2026_07_19_00_58_45_1753016,2026-07-19,ChaseDB1,46285,0.4558,0.17,Depth-wise separable convolution with additive skip connection (14-28-56-112) cuts down parameters without significant loss in Dice.,Depth-wise separable convolution + Additive skip connection (14-28-56-112),,0.4596,0.1798,1.1263,3
2026_07_19_00_59_01_1753017,2026-07-19,Chuac,46033,0.2404,0.1311,Depth-wise separable convolution with additive skip connection (14-28-56-112) cuts down parameters without significant loss in Dice.,Depth-wise separable convolution + Additive skip connection (14-28-56-112),,0.1636,0.0894,1.5716,3
2026_07_19_00_59_35_1753018,2026-07-19,Covid19Radio,46033,0.9819,0.0005,Depth-wise separable convolution with additive skip connection (14-28-56-112) cuts down parameters without significant loss in Dice.,Depth-wise separable convolution + Additive skip connection (14-28-56-112),,0.9825,0.0006,0.0427,3
2026_07_19_00_59_38_1753019,2026-07-19,CovidQUEx,46033,0.7418,0.0031,Depth-wise separable convolution with additive skip connection (14-28-56-112) cuts down parameters without significant loss in Dice.,Depth-wise separable convolution + Additive skip connection (14-28-56-112),,0.7254,0.0046,0.4859,3
2026_07_19_01_00_01_1753020,2026-07-19,CystoFluid,46285,0.7477,0.0117,Depth-wise separable convolution with additive skip connection (14-28-56-112) cuts down parameters without significant loss in Dice.,Depth-wise separable convolution + Additive skip connection (14-28-56-112),,0.7505,0.0101,0.9142,3
2026_07_19_01_00_16_1753021,2026-07-19,Dca1,46033,0.7005,0.012,Depth-wise separable convolution with additive skip connection (14-28-56-112) cuts down parameters without significant loss in Dice.,Depth-wise separable convolution + Additive skip connection (14-28-56-112),,0.6966,0.008,0.8257,3
2026_07_19_01_00_16_1753022,2026-07-19,Deepbacs,46033,0.8083,0.0437,Depth-wise separable convolution with additive skip connection (14-28-56-112) cuts down parameters without significant loss in Dice.,Depth-wise separable convolution + Additive skip connection (14-28-56-112),,0.817,0.0389,0.7531,3
2026_07_19_01_00_38_1753023,2026-07-19,Drive,46285,0.7245,0.0249,Depth-wise separable convolution with additive skip connection (14-28-56-112) cuts down parameters without significant loss in Dice.,Depth-wise separable convolution + Additive skip connection (14-28-56-112),,0.7096,0.0245,0.7718,3
2026_07_19_01_01_08_1753024,2026-07-19,DynamicNuclear,46033,0.9374,0.0021,Depth-wise separable convolution with additive skip connection (14-28-56-112) cuts down parameters without significant loss in Dice.,Depth-wise separable convolution + Additive skip connection (14-28-56-112),,0.9256,0.0009,0.1905,3
2026_07_19_01_02_19_1753027,2026-07-19,Idrib,46285,0.8655,0.0061,Depth-wise separable convolution with additive skip connection (14-28-56-112) cuts down parameters without significant loss in Dice.,Depth-wise separable convolution + Additive skip connection (14-28-56-112),,0.9102,0.0099,0.8504,3
2026_07_19_01_03_13_1753028,2026-07-19,Isic2016,46285,0.9003,0.0014,Depth-wise separable convolution with additive skip connection (14-28-56-112) cuts down parameters without significant loss in Dice.,Depth-wise separable convolution + Additive skip connection (14-28-56-112),,0.8839,0.0056,0.3617,3
2026_07_19_01_03_24_1753029,2026-07-19,Isic2018,46285,0.8693,0.0047,Depth-wise separable convolution with additive skip connection (14-28-56-112) cuts down parameters without significant loss in Dice.,Depth-wise separable convolution + Additive skip connection (14-28-56-112),,0.8502,0.0026,0.4592,3
2026_07_19_01_04_27_1753030,2026-07-19,Kvasir,46285,0.7182,0.0399,Depth-wise separable convolution with additive skip connection (14-28-56-112) cuts down parameters without significant loss in Dice.,Depth-wise separable convolution + Additive skip connection (14-28-56-112),,0.643,0.0062,0.8748,3
2026_07_19_01_05_08_1753033,2026-07-19,MosMedPlus,46033,0.7438,0.0039,Depth-wise separable convolution with additive skip connection (14-28-56-112) cuts down parameters without significant loss in Dice.,Depth-wise separable convolution + Additive skip connection (14-28-56-112),,0.7535,0.0042,0.3487,3
2026_07_19_01_05_17_1753034,2026-07-19,Nuclei,46285,0.122,0.0287,Depth-wise separable convolution with additive skip connection (14-28-56-112) cuts down parameters without significant loss in Dice.,Depth-wise separable convolution + Additive skip connection (14-28-56-112),,0.1066,0.0226,1.3927,3
2026_07_19_01_05_38_1753035,2026-07-19,Nuset,46033,0.9465,0.0004,Depth-wise separable convolution with additive skip connection (14-28-56-112) cuts down parameters without significant loss in Dice.,Depth-wise separable convolution + Additive skip connection (14-28-56-112),,0.9432,0.0003,0.1292,3
2026_07_19_01_06_02_1753036,2026-07-19,Pandental,46033,0.9329,0.0004,Depth-wise separable convolution with additive skip connection (14-28-56-112) cuts down parameters without significant loss in Dice.,Depth-wise separable convolution + Additive skip connection (14-28-56-112),,0.9234,0.0025,0.274,3
2026_07_19_01_06_37_1753037,2026-07-19,PolypGen,46285,0.5242,0.0185,Depth-wise separable convolution with additive skip connection (14-28-56-112) cuts down parameters without significant loss in Dice.,Depth-wise separable convolution + Additive skip connection (14-28-56-112),,0.5205,0.0175,0.7924,3
2026_07_19_01_06_43_1753038,2026-07-19,Promise12,46033,0.8579,0.0075,Depth-wise separable convolution with additive skip connection (14-28-56-112) cuts down parameters without significant loss in Dice.,Depth-wise separable convolution + Additive skip connection (14-28-56-112),,0.8516,0.0094,0.3054,3
2026_07_19_01_07_21_1753039,2026-07-19,RoboTool,46285,0.7817,0.0078,Depth-wise separable convolution with additive skip connection (14-28-56-112) cuts down parameters without significant loss in Dice.,Depth-wise separable convolution + Additive skip connection (14-28-56-112),,0.7891,0.0097,0.5116,3
2026_07_19_01_08_29_1753040,2026-07-19,TnbcNuclei,46285,0.6959,0.0074,Depth-wise separable convolution with additive skip connection (14-28-56-112) cuts down parameters without significant loss in Dice.,Depth-wise separable convolution + Additive skip connection (14-28-56-112),,0.677,0.0126,0.7939,3
2026_07_19_01_08_35_1753041,2026-07-19,UltrasoundNerve,46033,0.7606,0.0059,Depth-wise separable convolution with additive skip connection (14-28-56-112) cuts down parameters without significant loss in Dice.,Depth-wise separable convolution + Additive skip connection (14-28-56-112),,0.7665,0.0053,0.4297,3
2026_07_19_01_08_45_1753042,2026-07-19,USforKidney,46033,0.9637,0.0009,Depth-wise separable convolution with additive skip connection (14-28-56-112) cuts down parameters without significant loss in Dice.,Depth-wise separable convolution + Additive skip connection (14-28-56-112),,0.9638,0.0003,0.0863,3
2026_07_19_01_09_31_1753043,2026-07-19,UwSkinCancer,46285,0.8527,0.0085,Depth-wise separable convolution with additive skip connection (14-28-56-112) cuts down parameters without significant loss in Dice.,Depth-wise separable convolution + Additive skip connection (14-28-56-112),,0.7706,0.0146,0.6492,3
2026_07_19_01_09_49_1753045,2026-07-19,Yeaz,46033,0.8802,0.0248,Depth-wise separable convolution with additive skip connection (14-28-56-112) cuts down parameters without significant loss in Dice.,Depth-wise separable convolution + Additive skip connection (14-28-56-112),,0.9084,0.0266,0.3674,3
2026_07_19_00_55_36_1753008,2026-07-19,Chaos,46093,0.8044,0.0115,Depth-wise separable convolution with additive skip connection (14-28-56-112) cuts down parameters without significant loss in Dice.,Depth-wise separable convolution + Additive skip connection (14-28-56-112),,0.8044,0.0115,0.593,3
2026_07_19_00_55_00_1753006,2026-07-19,Acdc,46078,0.827,0.0041,Depth-wise separable convolution with additive skip connection (14-28-56-112) cuts down parameters without significant loss in Dice.,Depth-wise separable convolution + Additive skip connection (14-28-56-112),,0.827,0.0041,0.243,3
2026_07_19_00_55_36_1753009,2026-07-19,MmWhsMr,46138,0.5512,0.0025,Depth-wise separable convolution with additive skip connection (14-28-56-112) cuts down parameters without significant loss in Dice.,Depth-wise separable convolution + Additive skip connection (14-28-56-112),,0.5512,0.0025,0.8935,3
2026_07_19_00_55_36_1753007,2026-07-19,Btcv,46228,0.6835,0.0309,Depth-wise separable convolution with additive skip connection (14-28-56-112) cuts down parameters without significant loss in Dice.,Depth-wise separable convolution + Additive skip connection (14-28-56-112),,0.6835,0.0309,0.9496,3
2026_07_17_04_16_08_1750242,2026-07-17,EMSegmentation,38173,0.8479,0.0534,Depth-wise separable layers (12-24-48-96) does not lose much in Dice.,Depth-wise separable layers (12-24-48-96),,0.7267,0.0133,0.498,3
2026_07_17_04_18_13_1750243,2026-07-17,FHPsAOP,38199,0.9651,0.0002,Depth-wise separable layers (12-24-48-96) does not lose much in Dice.,Depth-wise separable layers (12-24-48-96),,0.9643,0.0001,0.0843,3
2026_07_17_04_27_41_1750261,2026-07-17,Wbc,38415,0.954,0.0035,Depth-wise separable layers (12-24-48-96) does not lose much in Dice.,Depth-wise separable layers (12-24-48-96),,0.953,0.0017,0.2051,3
2026_07_17_04_09_10_1750227,2026-07-17,AbdomenUS,38277,0.5886,0.0675,Depth-wise separable layers (12-24-48-96) does not lose much in Dice.,Depth-wise separable layers (12-24-48-96),,0.5225,0.0516,1.5361,3
2026_07_17_04_10_41_1750229,2026-07-17,BkaiIgh,38415,0.5753,0.0928,Depth-wise separable layers (12-24-48-96) does not lose much in Dice.,Depth-wise separable layers (12-24-48-96),,0.6202,0.0964,0.7555,3
2026_07_17_04_19_22_1750248,2026-07-17,M2caiSeg,38623,0.2793,0.0026,Depth-wise separable layers (12-24-48-96) does not lose much in Dice.,Depth-wise separable layers (12-24-48-96),,0.2009,0.0044,2.0123,3
2026_07_17_04_19_39_1750249,2026-07-17,Monusac,38454,0.3514,0.1034,Depth-wise separable layers (12-24-48-96) does not lose much in Dice.,Depth-wise separable layers (12-24-48-96),,0.2584,0.0446,1.7864,3
2026_07_17_04_10_10_1750228,2026-07-17,Bbbc010,38173,0.8966,0.0068,Depth-wise separable layers (12-24-48-96) does not lose much in Dice.,Depth-wise separable layers (12-24-48-96),,0.8761,0.0118,0.6163,3
2026_07_17_04_11_41_1750230,2026-07-17,BriFiSeg,38173,0.8169,0.0033,Depth-wise separable layers (12-24-48-96) does not lose much in Dice.,Depth-wise separable layers (12-24-48-96),,0.7907,0.0027,0.4208,3
2026_07_17_04_11_40_1750231,2026-07-17,Busi,38173,0.6574,0.0059,Depth-wise separable layers (12-24-48-96) does not lose much in Dice.,Depth-wise separable layers (12-24-48-96),,0.6271,0.0138,0.7834,3
2026_07_17_04_12_11_1750232,2026-07-17,CellNuclei,38389,0.8759,0.0059,Depth-wise separable layers (12-24-48-96) does not lose much in Dice.,Depth-wise separable layers (12-24-48-96),,0.9085,0.0017,0.3063,3
2026_07_17_04_13_11_1750233,2026-07-17,ChaseDB1,38389,0.3587,0.2105,Depth-wise separable layers (12-24-48-96) does not lose much in Dice.,Depth-wise separable layers (12-24-48-96),,0.3958,0.2309,1.2275,3
2026_07_17_04_14_12_1750234,2026-07-17,Chuac,38173,0.2863,0.045,Depth-wise separable layers (12-24-48-96) does not lose much in Dice.,Depth-wise separable layers (12-24-48-96),,0.262,0.0693,1.2667,3
2026_07_17_04_15_07_1750235,2026-07-17,Covid19Radio,38173,0.9826,0.0002,Depth-wise separable layers (12-24-48-96) does not lose much in Dice.,Depth-wise separable layers (12-24-48-96),,0.9829,0.0002,0.0416,3
2026_07_17_04_15_08_1750236,2026-07-17,CovidQUEx,38173,0.7385,0.0112,Depth-wise separable layers (12-24-48-96) does not lose much in Dice.,Depth-wise separable layers (12-24-48-96),,0.7164,0.0153,0.5019,3
2026_07_17_04_15_08_1750237,2026-07-17,CystoFluid,38389,0.7772,0.036,Depth-wise separable layers (12-24-48-96) does not lose much in Dice.,Depth-wise separable layers (12-24-48-96),,0.7727,0.0376,0.9132,3
2026_07_17_04_15_08_1750238,2026-07-17,Dca1,38173,0.7038,0.0157,Depth-wise separable layers (12-24-48-96) does not lose much in Dice.,Depth-wise separable layers (12-24-48-96),,0.7072,0.0099,0.7727,3
2026_07_17_04_15_23_1750239,2026-07-17,Deepbacs,38173,0.7989,0.0066,Depth-wise separable layers (12-24-48-96) does not lose much in Dice.,Depth-wise separable layers (12-24-48-96),,0.819,0.0053,0.7639,3
2026_07_17_04_15_22_1750240,2026-07-17,Drive,38389,0.7264,0.0246,Depth-wise separable layers (12-24-48-96) does not lose much in Dice.,Depth-wise separable layers (12-24-48-96),,0.7167,0.0275,0.8071,3
2026_07_17_04_16_08_1750241,2026-07-17,DynamicNuclear,38173,0.9378,0.0026,Depth-wise separable layers (12-24-48-96) does not lose much in Dice.,Depth-wise separable layers (12-24-48-96),,0.9236,0.0053,0.1673,3
2026_07_17_04_18_08_1750244,2026-07-17,Idrib,38389,0.8422,0.0456,Depth-wise separable layers (12-24-48-96) does not lose much in Dice.,Depth-wise separable layers (12-24-48-96),,0.8914,0.0162,1.0192,3
2026_07_17_12_58_14_1750945,2026-07-17,Isic2016,38389,0.9016,0.0034,Depth-wise separable layers (12-24-48-96) does not lose much in Dice.,Depth-wise separable layers (12-24-48-96),,0.886,0.0052,0.3637,3
2026_07_17_04_18_39_1750246,2026-07-17,Isic2018,38389,0.868,0.0062,Depth-wise separable layers (12-24-48-96) does not lose much in Dice.,Depth-wise separable layers (12-24-48-96),,0.8515,0.0013,0.4685,3
2026_07_17_04_19_09_1750247,2026-07-17,Kvasir,38389,0.6793,0.026,Depth-wise separable layers (12-24-48-96) does not lose much in Dice.,Depth-wise separable layers (12-24-48-96),,0.6139,0.0203,0.8195,3
2026_07_17_04_20_10_1750250,2026-07-17,MosMedPlus,38173,0.7602,0.0007,Depth-wise separable layers (12-24-48-96) does not lose much in Dice.,Depth-wise separable layers (12-24-48-96),,0.7712,0.0019,0.2874,3
2026_07_17_04_22_09_1750251,2026-07-17,Nuclei,38389,0.0979,0.0473,Depth-wise separable layers (12-24-48-96) does not lose much in Dice.,Depth-wise separable layers (12-24-48-96),,0.0859,0.0462,1.3426,3
2026_07_17_04_22_09_1750252,2026-07-17,Nuset,38173,0.9484,0.0016,Depth-wise separable layers (12-24-48-96) does not lose much in Dice.,Depth-wise separable layers (12-24-48-96),,0.9451,0.0018,0.119,3
2026_07_17_04_22_10_1750253,2026-07-17,Pandental,38173,0.935,0.0022,Depth-wise separable layers (12-24-48-96) does not lose much in Dice.,Depth-wise separable layers (12-24-48-96),,0.9271,0.0028,0.2608,3
2026_07_17_04_22_22_1750254,2026-07-17,PolypGen,38389,0.5308,0.0253,Depth-wise separable layers (12-24-48-96) does not lose much in Dice.,Depth-wise separable layers (12-24-48-96),,0.5244,0.0239,0.7579,3
2026_07_17_04_23_39_1750255,2026-07-17,Promise12,38173,0.8639,0.0064,Depth-wise separable layers (12-24-48-96) does not lose much in Dice.,Depth-wise separable layers (12-24-48-96),,0.8466,0.0104,0.3031,3
2026_07_17_04_23_40_1750256,2026-07-17,RoboTool,38389,0.7745,0.0113,Depth-wise separable layers (12-24-48-96) does not lose much in Dice.,Depth-wise separable layers (12-24-48-96),,0.7858,0.007,0.5352,3
2026_07_17_04_24_40_1750257,2026-07-17,TnbcNuclei,38389,0.7109,0.0164,Depth-wise separable layers (12-24-48-96) does not lose much in Dice.,Depth-wise separable layers (12-24-48-96),,0.6856,0.0105,0.8421,3
2026_07_17_04_25_41_1750258,2026-07-17,UltrasoundNerve,38173,0.7551,0.0032,Depth-wise separable layers (12-24-48-96) does not lose much in Dice.,Depth-wise separable layers (12-24-48-96),,0.7582,0.0066,0.4526,3
2026_07_17_04_27_11_1750259,2026-07-17,USforKidney,38173,0.9626,0.0027,Depth-wise separable layers (12-24-48-96) does not lose much in Dice.,Depth-wise separable layers (12-24-48-96),,0.9618,0.0018,0.0899,3
2026_07_17_04_27_21_1750260,2026-07-17,UwSkinCancer,38389,0.833,0.0081,Depth-wise separable layers (12-24-48-96) does not lose much in Dice.,Depth-wise separable layers (12-24-48-96),,0.762,0.0185,0.7289,3
2026_07_17_04_29_12_1750262,2026-07-17,Yeaz,38173,0.8766,0.0073,Depth-wise separable layers (12-24-48-96) does not lose much in Dice.,Depth-wise separable layers (12-24-48-96),,0.9005,0.008,0.3856,3
2026_07_17_04_07_40_1750225,2026-07-17,Chaos,38225,0.7839,0.0152,Depth-wise separable layers (12-24-48-96) does not lose much in Dice.,Depth-wise separable layers (12-24-48-96),,0.7839,0.0152,0.6255,3
2026_07_17_04_06_39_1750223,2026-07-17,Acdc,38212,0.8284,0.0026,Depth-wise separable layers (12-24-48-96) does not lose much in Dice.,Depth-wise separable layers (12-24-48-96),,0.8284,0.0026,0.2495,3
2026_07_17_04_08_21_1750226,2026-07-17,MmWhsMr,38264,0.5744,0.0532,Depth-wise separable layers (12-24-48-96) does not lose much in Dice.,Depth-wise separable layers (12-24-48-96),,0.5744,0.0532,0.8311,3
2026_07_17_04_07_40_1750224,2026-07-17,Btcv,38342,0.6617,0.0133,Depth-wise separable layers (12-24-48-96) does not lose much in Dice.,Depth-wise separable layers (12-24-48-96),,0.6617,0.0133,0.9792,3
2026_07_17_03_50_49_1750202,2026-07-17,EMSegmentation,27171,0.8704,0.0233,Depth-wise separable layers (10-20-40-80) does not lose much in Dice.,Depth-wise separable layers (10-20-40-80),,0.7248,0.0091,0.5078,3
2026_07_17_03_51_49_1750203,2026-07-17,FHPsAOP,27193,0.962,0.0012,Depth-wise separable layers (10-20-40-80) does not lose much in Dice.,Depth-wise separable layers (10-20-40-80),,0.9615,0.0016,0.0871,3
2026_07_17_04_06_11_1750221,2026-07-17,Wbc,27373,0.9524,0.0032,Depth-wise separable layers (10-20-40-80) does not lose much in Dice.,Depth-wise separable layers (10-20-40-80),,0.953,0.0023,0.1885,3
2026_07_17_03_42_50_1750187,2026-07-17,AbdomenUS,27259,0.614,0.0407,Depth-wise separable layers (10-20-40-80) does not lose much in Dice.,Depth-wise separable layers (10-20-40-80),,0.5296,0.0545,1.513,3
2026_07_17_03_43_49_1750189,2026-07-17,BkaiIgh,27373,0.6738,0.0141,Depth-wise separable layers (10-20-40-80) does not lose much in Dice.,Depth-wise separable layers (10-20-40-80),,0.6939,0.011,0.7833,3
2026_07_17_03_55_38_1750208,2026-07-17,M2caiSeg,27549,0.2409,0.004,Depth-wise separable layers (10-20-40-80) does not lose much in Dice.,Depth-wise separable layers (10-20-40-80),,0.186,0.005,2.0886,3
2026_07_17_03_56_08_1750209,2026-07-17,Monusac,27406,0.4073,0.0346,Depth-wise separable layers (10-20-40-80) does not lose much in Dice.,Depth-wise separable layers (10-20-40-80),,0.2399,0.0242,1.8422,3
2026_07_17_03_43_48_1750188,2026-07-17,Bbbc010,27171,0.8792,0.0259,Depth-wise separable layers (10-20-40-80) does not lose much in Dice.,Depth-wise separable layers (10-20-40-80),,0.8566,0.0248,0.7978,3
2026_07_17_03_44_19_1750190,2026-07-17,BriFiSeg,27171,0.8143,0.0033,Depth-wise separable layers (10-20-40-80) does not lose much in Dice.,Depth-wise separable layers (10-20-40-80),,0.7884,0.0032,0.4258,3
2026_07_17_03_45_19_1750191,2026-07-17,Busi,27171,0.6257,0.0297,Depth-wise separable layers (10-20-40-80) does not lose much in Dice.,Depth-wise separable layers (10-20-40-80),,0.6086,0.0299,0.8818,3
2026_07_17_03_46_19_1750192,2026-07-17,CellNuclei,27351,0.8671,0.0083,Depth-wise separable layers (10-20-40-80) does not lose much in Dice.,Depth-wise separable layers (10-20-40-80),,0.9015,0.0021,0.3739,3
2026_07_17_03_46_19_1750193,2026-07-17,ChaseDB1,27351,0.3783,0.0782,Depth-wise separable layers (10-20-40-80) does not lose much in Dice.,Depth-wise separable layers (10-20-40-80),,0.3957,0.0787,1.3055,3
2026_07_17_03_47_19_1750194,2026-07-17,Chuac,27171,0.2923,0.0882,Depth-wise separable layers (10-20-40-80) does not lose much in Dice.,Depth-wise separable layers (10-20-40-80),,0.2562,0.1363,1.4248,3
2026_07_17_03_47_49_1750195,2026-07-17,Covid19Radio,27171,0.9813,0.0006,Depth-wise separable layers (10-20-40-80) does not lose much in Dice.,Depth-wise separable layers (10-20-40-80),,0.9819,0.0004,0.044,3
2026_07_17_03_48_19_1750196,2026-07-17,CovidQUEx,27171,0.7327,0.016,Depth-wise separable layers (10-20-40-80) does not lose much in Dice.,Depth-wise separable layers (10-20-40-80),,0.7161,0.0189,0.5064,3
2026_07_17_03_48_49_1750197,2026-07-17,CystoFluid,27351,0.7583,0.0555,Depth-wise separable layers (10-20-40-80) does not lose much in Dice.,Depth-wise separable layers (10-20-40-80),,0.7644,0.0517,1.0119,3
2026_07_17_03_49_19_1750198,2026-07-17,Dca1,27171,0.6919,0.0138,Depth-wise separable layers (10-20-40-80) does not lose much in Dice.,Depth-wise separable layers (10-20-40-80),,0.6925,0.022,0.9117,3
2026_07_17_03_49_19_1750199,2026-07-17,Deepbacs,27171,0.7273,0.1148,Depth-wise separable layers (10-20-40-80) does not lose much in Dice.,Depth-wise separable layers (10-20-40-80),,0.7521,0.1003,0.9153,3
2026_07_17_03_49_19_1750200,2026-07-17,Drive,27351,0.5887,0.0724,Depth-wise separable layers (10-20-40-80) does not lose much in Dice.,Depth-wise separable layers (10-20-40-80),,0.5836,0.0743,1.1125,3
2026_07_17_03_49_48_1750201,2026-07-17,DynamicNuclear,27171,0.9351,0.0011,Depth-wise separable layers (10-20-40-80) does not lose much in Dice.,Depth-wise separable layers (10-20-40-80),,0.9218,0.0045,0.2068,3
2026_07_17_03_52_50_1750204,2026-07-17,Idrib,27351,0.8151,0.0593,Depth-wise separable layers (10-20-40-80) does not lose much in Dice.,Depth-wise separable layers (10-20-40-80),,0.8557,0.0472,1.2084,3
2026_07_17_03_52_49_1750205,2026-07-17,Isic2016,27351,0.9009,0.0029,Depth-wise separable layers (10-20-40-80) does not lose much in Dice.,Depth-wise separable layers (10-20-40-80),,0.877,0.0071,0.4176,3
2026_07_17_03_52_49_1750206,2026-07-17,Isic2018,27351,0.8663,0.0071,Depth-wise separable layers (10-20-40-80) does not lose much in Dice.,Depth-wise separable layers (10-20-40-80),,0.8514,0.0095,0.4765,3
2026_07_17_03_55_07_1750207,2026-07-17,Kvasir,27351,0.6673,0.0396,Depth-wise separable layers (10-20-40-80) does not lose much in Dice.,Depth-wise separable layers (10-20-40-80),,0.5973,0.0165,0.9196,3
2026_07_17_03_56_38_1750210,2026-07-17,MosMedPlus,27171,0.7484,0.0019,Depth-wise separable layers (10-20-40-80) does not lose much in Dice.,Depth-wise separable layers (10-20-40-80),,0.7592,0.0066,0.3292,3
2026_07_17_03_58_39_1750211,2026-07-17,Nuclei,27351,0.117,0.0149,Depth-wise separable layers (10-20-40-80) does not lose much in Dice.,Depth-wise separable layers (10-20-40-80),,0.1087,0.0215,1.4221,3
2026_07_17_04_00_10_1750212,2026-07-17,Nuset,27171,0.9475,0.0008,Depth-wise separable layers (10-20-40-80) does not lose much in Dice.,Depth-wise separable layers (10-20-40-80),,0.9437,0.0013,0.1234,3
2026_07_17_04_00_40_1750213,2026-07-17,Pandental,27171,0.9362,0.0032,Depth-wise separable layers (10-20-40-80) does not lose much in Dice.,Depth-wise separable layers (10-20-40-80),,0.9261,0.0039,0.2657,3
2026_07_17_04_01_09_1750214,2026-07-17,PolypGen,27351,0.4957,0.0064,Depth-wise separable layers (10-20-40-80) does not lose much in Dice.,Depth-wise separable layers (10-20-40-80),,0.4953,0.0022,0.8421,3
2026_07_17_04_02_09_1750215,2026-07-17,Promise12,27171,0.8436,0.0118,Depth-wise separable layers (10-20-40-80) does not lose much in Dice.,Depth-wise separable layers (10-20-40-80),,0.8393,0.0045,0.3774,3
2026_07_17_04_03_09_1750216,2026-07-17,RoboTool,27351,0.775,0.0034,Depth-wise separable layers (10-20-40-80) does not lose much in Dice.,Depth-wise separable layers (10-20-40-80),,0.7733,0.0101,0.646,3
2026_07_17_04_03_09_1750217,2026-07-17,TnbcNuclei,27351,0.6907,0.0472,Depth-wise separable layers (10-20-40-80) does not lose much in Dice.,Depth-wise separable layers (10-20-40-80),,0.6468,0.0369,0.9835,3
2026_07_17_04_04_09_1750218,2026-07-17,UltrasoundNerve,27171,0.7586,0.0007,Depth-wise separable layers (10-20-40-80) does not lose much in Dice.,Depth-wise separable layers (10-20-40-80),,0.7625,0.0083,0.4567,3
2026_07_17_04_04_09_1750219,2026-07-17,USforKidney,27171,0.9596,0.0008,Depth-wise separable layers (10-20-40-80) does not lose much in Dice.,Depth-wise separable layers (10-20-40-80),,0.96,0.0007,0.0938,3
2026_07_17_04_04_21_1750220,2026-07-17,UwSkinCancer,27351,0.8337,0.0168,Depth-wise separable layers (10-20-40-80) does not lose much in Dice.,Depth-wise separable layers (10-20-40-80),,0.7521,0.0181,0.8349,3
2026_07_17_04_06_23_1750222,2026-07-17,Yeaz,27171,0.8657,0.013,Depth-wise separable layers (10-20-40-80) does not lose much in Dice.,Depth-wise separable layers (10-20-40-80),,0.9162,0.0067,0.4032,3
2026_07_17_03_40_21_1750185,2026-07-17,Chaos,27215,0.8178,0.021,Depth-wise separable layers (10-20-40-80) does not lose much in Dice.,Depth-wise separable layers (10-20-40-80),,0.8178,0.021,0.542,3
2026_07_17_03_38_50_1750183,2026-07-17,Acdc,27204,0.8177,0.0072,Depth-wise separable layers (10-20-40-80) does not lose much in Dice.,Depth-wise separable layers (10-20-40-80),,0.8177,0.0072,0.2645,3
2026_07_17_03_42_18_1750186,2026-07-17,MmWhsMr,27248,0.5011,0.0535,Depth-wise separable layers (10-20-40-80) does not lose much in Dice.,Depth-wise separable layers (10-20-40-80),,0.5011,0.0535,0.9878,3
2026_07_17_03_40_19_1750184,2026-07-17,Btcv,27314,0.6607,0.0083,Depth-wise separable layers (10-20-40-80) does not lose much in Dice.,Depth-wise separable layers (10-20-40-80),,0.6607,0.0083,1.0024,3
2026_07_19_13_28_45_1753232,2026-07-19,EMSegmentation,25329,0.8545,0.0097,Depth-wise separable layers (16-32-64) + triple convolution per block does not lose much in Dice.,Depth-wise separable layers (16-32-64) + triple convolution,,0.7218,0.0066,0.4742,3
2026_07_19_13_28_44_1753233,2026-07-19,FHPsAOP,25363,0.9574,0.002,Depth-wise separable layers (16-32-64) + triple convolution per block does not lose much in Dice.,Depth-wise separable layers (16-32-64) + triple convolution,,0.9565,0.0022,0.0988,3
2026_07_19_13_33_20_1753251,2026-07-19,Wbc,25651,0.9564,0.0008,Depth-wise separable layers (16-32-64) + triple convolution per block does not lose much in Dice.,Depth-wise separable layers (16-32-64) + triple convolution,,0.9528,0.0023,0.163,3
2026_07_19_13_28_53_1753217,2026-07-19,AbdomenUS,25465,0.5935,0.0276,Depth-wise separable layers (16-32-64) + triple convolution per block does not lose much in Dice.,Depth-wise separable layers (16-32-64) + triple convolution,,0.5238,0.0219,1.4586,3
2026_07_19_13_28_50_1753219,2026-07-19,BkaiIgh,25651,0.6407,0.0311,Depth-wise separable layers (16-32-64) + triple convolution per block does not lose much in Dice.,Depth-wise separable layers (16-32-64) + triple convolution,,0.6397,0.039,0.7474,3
2026_07_19_13_28_34_1753238,2026-07-19,M2caiSeg,25923,0.2732,0.002,Depth-wise separable layers (16-32-64) + triple convolution per block does not lose much in Dice.,Depth-wise separable layers (16-32-64) + triple convolution,,0.1922,0.0028,1.9777,3
2026_07_19_13_28_35_1753239,2026-07-19,Monusac,25702,0.3618,0.1054,Depth-wise separable layers (16-32-64) + triple convolution per block does not lose much in Dice.,Depth-wise separable layers (16-32-64) + triple convolution,,0.2621,0.0223,1.7027,3
2026_07_19_13_28_59_1753218,2026-07-19,Bbbc010,25329,0.9114,0.0106,Depth-wise separable layers (16-32-64) + triple convolution per block does not lose much in Dice.,Depth-wise separable layers (16-32-64) + triple convolution,,0.8943,0.0101,0.4957,3
2026_07_19_13_28_58_1753220,2026-07-19,BriFiSeg,25329,0.8226,0.0033,Depth-wise separable layers (16-32-64) + triple convolution per block does not lose much in Dice.,Depth-wise separable layers (16-32-64) + triple convolution,,0.8012,0.0049,0.3896,3
2026_07_19_13_28_50_1753221,2026-07-19,Busi,25329,0.6299,0.003,Depth-wise separable layers (16-32-64) + triple convolution per block does not lose much in Dice.,Depth-wise separable layers (16-32-64) + triple convolution,,0.5893,0.0073,0.7773,3
2026_07_19_13_28_43_1753222,2026-07-19,CellNuclei,25617,0.8839,0.0034,Depth-wise separable layers (16-32-64) + triple convolution per block does not lose much in Dice.,Depth-wise separable layers (16-32-64) + triple convolution,,0.9095,0.005,0.2676,3
2026_07_19_13_28_35_1753223,2026-07-19,ChaseDB1,25617,0.3569,0.1589,Depth-wise separable layers (16-32-64) + triple convolution per block does not lose much in Dice.,Depth-wise separable layers (16-32-64) + triple convolution,,0.3982,0.1976,1.1847,3
2026_07_19_13_28_34_1753224,2026-07-19,Chuac,25329,0.3263,0.0774,Depth-wise separable layers (16-32-64) + triple convolution per block does not lose much in Dice.,Depth-wise separable layers (16-32-64) + triple convolution,,0.3172,0.1204,1.1855,3
2026_07_19_13_28_37_1753225,2026-07-19,Covid19Radio,25329,0.9792,0.0007,Depth-wise separable layers (16-32-64) + triple convolution per block does not lose much in Dice.,Depth-wise separable layers (16-32-64) + triple convolution,,0.9799,0.0007,0.0489,3
2026_07_19_13_28_42_1753226,2026-07-19,CovidQUEx,25329,0.7231,0.0148,Depth-wise separable layers (16-32-64) + triple convolution per block does not lose much in Dice.,Depth-wise separable layers (16-32-64) + triple convolution,,0.7043,0.0125,0.5228,3
2026_07_19_13_28_37_1753227,2026-07-19,CystoFluid,25617,0.7927,0.0388,Depth-wise separable layers (16-32-64) + triple convolution per block does not lose much in Dice.,Depth-wise separable layers (16-32-64) + triple convolution,,0.7945,0.036,0.6217,3
2026_07_19_13_28_34_1753228,2026-07-19,Dca1,25329,0.7278,0.0079,Depth-wise separable layers (16-32-64) + triple convolution per block does not lose much in Dice.,Depth-wise separable layers (16-32-64) + triple convolution,,0.7278,0.0061,0.6668,3
2026_07_19_13_28_44_1753229,2026-07-19,Deepbacs,25329,0.8542,0.0571,Depth-wise separable layers (16-32-64) + triple convolution per block does not lose much in Dice.,Depth-wise separable layers (16-32-64) + triple convolution,,0.8515,0.0482,0.6087,3
2026_07_19_13_28_38_1753230,2026-07-19,Drive,25617,0.526,0.2901,Depth-wise separable layers (16-32-64) + triple convolution per block does not lose much in Dice.,Depth-wise separable layers (16-32-64) + triple convolution,,0.5127,0.2876,1.0814,3
2026_07_19_13_28_34_1753231,2026-07-19,DynamicNuclear,25329,0.9331,0.0063,Depth-wise separable layers (16-32-64) + triple convolution per block does not lose much in Dice.,Depth-wise separable layers (16-32-64) + triple convolution,,0.9217,0.0041,0.2149,3
2026_07_19_13_28_51_1753234,2026-07-19,Idrib,25617,0.8221,0.0094,Depth-wise separable layers (16-32-64) + triple convolution per block does not lose much in Dice.,Depth-wise separable layers (16-32-64) + triple convolution,,0.8794,0.0352,0.9544,3
2026_07_19_13_28_39_1753235,2026-07-19,Isic2016,25617,0.89,0.0035,Depth-wise separable layers (16-32-64) + triple convolution per block does not lose much in Dice.,Depth-wise separable layers (16-32-64) + triple convolution,,0.8715,0.0065,0.3994,3
2026_07_19_13_28_46_1753236,2026-07-19,Isic2018,25617,0.8667,0.0102,Depth-wise separable layers (16-32-64) + triple convolution per block does not lose much in Dice.,Depth-wise separable layers (16-32-64) + triple convolution,,0.8428,0.0117,0.4773,3
2026_07_19_13_28_49_1753237,2026-07-19,Kvasir,25617,0.6443,0.0504,Depth-wise separable layers (16-32-64) + triple convolution per block does not lose much in Dice.,Depth-wise separable layers (16-32-64) + triple convolution,,0.5624,0.0385,0.8807,3
2026_07_19_13_28_40_1753240,2026-07-19,MosMedPlus,25329,0.7533,0.0104,Depth-wise separable layers (16-32-64) + triple convolution per block does not lose much in Dice.,Depth-wise separable layers (16-32-64) + triple convolution,,0.7623,0.0097,0.2952,3
2026_07_19_13_28_45_1753241,2026-07-19,Nuclei,25617,0.0937,0.0267,Depth-wise separable layers (16-32-64) + triple convolution per block does not lose much in Dice.,Depth-wise separable layers (16-32-64) + triple convolution,,0.0781,0.0261,1.47,3
2026_07_19_13_28_48_1753242,2026-07-19,Nuset,25329,0.9474,0.0007,Depth-wise separable layers (16-32-64) + triple convolution per block does not lose much in Dice.,Depth-wise separable layers (16-32-64) + triple convolution,,0.944,0.001,0.1202,3
2026_07_19_13_30_11_1753243,2026-07-19,Pandental,25329,0.9383,0.0026,Depth-wise separable layers (16-32-64) + triple convolution per block does not lose much in Dice.,Depth-wise separable layers (16-32-64) + triple convolution,,0.9266,0.003,0.2572,3
2026_07_19_13_30_27_1753244,2026-07-19,PolypGen,25617,0.4923,0.031,Depth-wise separable layers (16-32-64) + triple convolution per block does not lose much in Dice.,Depth-wise separable layers (16-32-64) + triple convolution,,0.4895,0.0229,0.7849,3
2026_07_19_13_30_48_1753245,2026-07-19,Promise12,25329,0.8371,0.0146,Depth-wise separable layers (16-32-64) + triple convolution per block does not lose much in Dice.,Depth-wise separable layers (16-32-64) + triple convolution,,0.8393,0.0116,0.2557,3
2026_07_19_13_30_54_1753246,2026-07-19,RoboTool,25617,0.7725,0.0101,Depth-wise separable layers (16-32-64) + triple convolution per block does not lose much in Dice.,Depth-wise separable layers (16-32-64) + triple convolution,,0.7747,0.0082,0.5311,3
2026_07_19_13_31_31_1753247,2026-07-19,TnbcNuclei,25617,0.7306,0.0313,Depth-wise separable layers (16-32-64) + triple convolution per block does not lose much in Dice.,Depth-wise separable layers (16-32-64) + triple convolution,,0.7033,0.0068,0.735,3
2026_07_19_13_31_58_1753248,2026-07-19,UltrasoundNerve,25329,0.7365,0.0026,Depth-wise separable layers (16-32-64) + triple convolution per block does not lose much in Dice.,Depth-wise separable layers (16-32-64) + triple convolution,,0.7411,0.0069,0.3883,3
2026_07_19_13_32_23_1753249,2026-07-19,USforKidney,25329,0.9502,0.0023,Depth-wise separable layers (16-32-64) + triple convolution per block does not lose much in Dice.,Depth-wise separable layers (16-32-64) + triple convolution,,0.9513,0.0018,0.1106,3
2026_07_19_13_32_51_1753250,2026-07-19,UwSkinCancer,25617,0.8265,0.0129,Depth-wise separable layers (16-32-64) + triple convolution per block does not lose much in Dice.,Depth-wise separable layers (16-32-64) + triple convolution,,0.7541,0.0284,0.7341,3
2026_07_19_13_34_00_1753252,2026-07-19,Yeaz,25329,0.8535,0.0059,Depth-wise separable layers (16-32-64) + triple convolution per block does not lose much in Dice.,Depth-wise separable layers (16-32-64) + triple convolution,,0.923,0.0118,0.2991,3
2026_07_19_13_28_50_1753215,2026-07-19,Chaos,25397,0.6879,0.1485,Depth-wise separable layers (16-32-64) + triple convolution per block does not lose much in Dice.,Depth-wise separable layers (16-32-64) + triple convolution,,0.6879,0.1485,0.7602,3
2026_07_19_13_28_50_1753213,2026-07-19,Acdc,25380,0.827,0.0031,Depth-wise separable layers (16-32-64) + triple convolution per block does not lose much in Dice.,Depth-wise separable layers (16-32-64) + triple convolution,,0.827,0.0031,0.2337,3
2026_07_19_13_28_58_1753216,2026-07-19,MmWhsMr,25448,0.5139,0.0278,Depth-wise separable layers (16-32-64) + triple convolution per block does not lose much in Dice.,Depth-wise separable layers (16-32-64) + triple convolution,,0.5139,0.0278,0.8713,3
2026_07_19_13_28_51_1753214,2026-07-19,Btcv,25550,0.6503,0.0118,Depth-wise separable layers (16-32-64) + triple convolution per block does not lose much in Dice.,Depth-wise separable layers (16-32-64) + triple convolution,,0.6503,0.0118,0.9972,3
